loss,grad_norm,learning_rate,epoch,step,train_runtime,train_samples_per_second,train_steps_per_second,total_flos,train_loss
0.7062,6.957156658172607,2e-05,9.742790335151988e-05,1,,,,,
0.6405,5.873541355133057,1.9962977396726423e-05,0.0019485580670303975,20,,,,,
0.6087,8.813115119934082,1.9924006235385815e-05,0.003897116134060795,40,,,,,
0.5699,5.3293867111206055,1.988503507404521e-05,0.005845674201091193,60,,,,,
0.6149,6.086319446563721,1.98460639127046e-05,0.00779423226812159,80,,,,,
0.5151,3.913426160812378,1.980709275136399e-05,0.009742790335151987,100,,,,,
0.577,5.305163860321045,1.9768121590023383e-05,0.011691348402182385,120,,,,,
0.4889,5.385676860809326,1.972915042868278e-05,0.013639906469212782,140,,,,,
0.4588,3.673743963241577,1.9690179267342168e-05,0.01558846453624318,160,,,,,
0.511,4.180391788482666,1.965120810600156e-05,0.017537022603273576,180,,,,,
0.6795,4.9391374588012695,1.9612236944660952e-05,0.019485580670303974,200,,,,,
0.6029,3.7461187839508057,1.9573265783320344e-05,0.021434138737334373,220,,,,,
0.5223,3.7931127548217773,1.9534294621979736e-05,0.02338269680436477,240,,,,,
0.5584,4.74067497253418,1.9495323460639128e-05,0.02533125487139517,260,,,,,
0.4736,5.148491382598877,1.945635229929852e-05,0.027279812938425563,280,,,,,
0.5913,10.605203628540039,1.9417381137957912e-05,0.02922837100545596,300,,,,,
0.5917,4.688039302825928,1.9378409976617305e-05,0.03117692907248636,320,,,,,
0.5284,7.268994331359863,1.9339438815276697e-05,0.033125487139516754,340,,,,,
0.4988,6.539196491241455,1.930046765393609e-05,0.03507404520654715,360,,,,,
0.5313,4.291791915893555,1.926149649259548e-05,0.03702260327357755,380,,,,,
0.5256,8.019426345825195,1.9222525331254873e-05,0.03897116134060795,400,,,,,
0.542,5.87469482421875,1.9183554169914265e-05,0.04091971940763835,420,,,,,
0.601,10.526558876037598,1.9144583008573657e-05,0.042868277474668745,440,,,,,
0.5572,4.080399990081787,1.910561184723305e-05,0.04481683554169914,460,,,,,
0.5198,12.426997184753418,1.906664068589244e-05,0.04676539360872954,480,,,,,
0.4852,6.942047595977783,1.9027669524551833e-05,0.04871395167575994,500,,,,,
0.5898,5.601286888122559,1.8988698363211226e-05,0.05066250974279034,520,,,,,
0.503,3.6405563354492188,1.8949727201870618e-05,0.052611067809820736,540,,,,,
0.5416,4.754005432128906,1.891075604053001e-05,0.05455962587685113,560,,,,,
0.571,5.5828752517700195,1.8871784879189402e-05,0.056508183943881525,580,,,,,
0.4905,7.952873229980469,1.8832813717848794e-05,0.05845674201091192,600,,,,,
0.4943,4.943029880523682,1.8793842556508186e-05,0.06040530007794232,620,,,,,
0.5045,10.243060111999512,1.8754871395167578e-05,0.06235385814497272,640,,,,,
0.4882,3.0025835037231445,1.871590023382697e-05,0.06430241621200312,660,,,,,
0.5169,2.389583110809326,1.867692907248636e-05,0.06625097427903351,680,,,,,
0.5456,7.627003192901611,1.8637957911145754e-05,0.0681995323460639,700,,,,,
0.5512,6.653860092163086,1.8598986749805147e-05,0.0701480904130943,720,,,,,
0.4747,10.586854934692383,1.856001558846454e-05,0.0720966484801247,740,,,,,
0.4619,4.246377468109131,1.852104442712393e-05,0.0740452065471551,760,,,,,
0.5065,9.570218086242676,1.8482073265783323e-05,0.0759937646141855,780,,,,,
0.4729,3.868248701095581,1.8443102104442715e-05,0.0779423226812159,800,,,,,
0.5771,5.1144514083862305,1.8404130943102104e-05,0.0798908807482463,820,,,,,
0.5147,5.012687683105469,1.83651597817615e-05,0.0818394388152767,840,,,,,
0.4924,11.737859725952148,1.832618862042089e-05,0.08378799688230709,860,,,,,
0.5556,17.497892379760742,1.8287217459080283e-05,0.08573655494933749,880,,,,,
0.517,3.3589320182800293,1.8248246297739672e-05,0.08768511301636789,900,,,,,
0.4472,11.781412124633789,1.8209275136399068e-05,0.08963367108339829,920,,,,,
0.438,9.052705764770508,1.817030397505846e-05,0.09158222915042868,940,,,,,
0.5141,15.10995864868164,1.8131332813717852e-05,0.09353078721745908,960,,,,,
0.4879,4.284384727478027,1.809236165237724e-05,0.09547934528448948,980,,,,,
0.5017,4.761679649353027,1.8053390491036636e-05,0.09742790335151988,1000,,,,,
0.5323,6.388574600219727,1.8014419329696028e-05,0.09937646141855028,1020,,,,,
0.4499,4.68342924118042,1.7975448168355417e-05,0.10132501948558068,1040,,,,,
0.4977,2.2016801834106445,1.793647700701481e-05,0.10327357755261107,1060,,,,,
0.5443,11.582189559936523,1.7897505845674204e-05,0.10522213561964147,1080,,,,,
0.4435,9.151346206665039,1.7858534684333597e-05,0.10717069368667187,1100,,,,,
0.4182,11.880163192749023,1.7819563522992985e-05,0.10911925175370225,1120,,,,,
0.5081,10.785612106323242,1.7780592361652377e-05,0.11106780982073265,1140,,,,,
0.5322,11.061724662780762,1.7741621200311773e-05,0.11301636788776305,1160,,,,,
0.4539,2.3410818576812744,1.770265003897116e-05,0.11496492595479345,1180,,,,,
0.4699,6.335781097412109,1.7663678877630554e-05,0.11691348402182385,1200,,,,,
0.4308,12.876551628112793,1.7624707716289946e-05,0.11886204208885424,1220,,,,,
0.46,3.485454797744751,1.758573655494934e-05,0.12081060015588464,1240,,,,,
0.4423,5.081765651702881,1.754676539360873e-05,0.12275915822291504,1260,,,,,
0.6134,10.564957618713379,1.7507794232268122e-05,0.12470771628994544,1280,,,,,
0.495,10.619464874267578,1.7468823070927514e-05,0.12665627435697585,1300,,,,,
0.4358,4.166771411895752,1.7429851909586906e-05,0.12860483242400625,1320,,,,,
0.3958,6.924139022827148,1.73908807482463e-05,0.13055339049103662,1340,,,,,
0.4434,17.560476303100586,1.735190958690569e-05,0.13250194855806702,1360,,,,,
0.5112,3.026754379272461,1.7312938425565083e-05,0.13445050662509742,1380,,,,,
0.5269,16.455047607421875,1.7273967264224475e-05,0.1363990646921278,1400,,,,,
0.4301,5.48480224609375,1.7234996102883867e-05,0.1383476227591582,1420,,,,,
0.5063,4.8783860206604,1.719602494154326e-05,0.1402961808261886,1440,,,,,
0.4226,8.992859840393066,1.715705378020265e-05,0.142244738893219,1460,,,,,
0.4014,7.2016520500183105,1.7118082618862043e-05,0.1441932969602494,1480,,,,,
0.4462,5.317895412445068,1.7079111457521435e-05,0.1461418550272798,1500,,,,,
0.5135,3.2726564407348633,1.7040140296180827e-05,0.1480904130943102,1520,,,,,
0.4549,3.2408432960510254,1.700116913484022e-05,0.1500389711613406,1540,,,,,
0.4052,1.4083738327026367,1.696219797349961e-05,0.151987529228371,1560,,,,,
0.3969,3.1736514568328857,1.6923226812159004e-05,0.1539360872954014,1580,,,,,
0.4583,2.6587929725646973,1.6884255650818396e-05,0.1558846453624318,1600,,,,,
0.4068,6.1049652099609375,1.6845284489477788e-05,0.1578332034294622,1620,,,,,
0.5484,6.712507247924805,1.680631332813718e-05,0.1597817614964926,1640,,,,,
0.4381,5.936588287353516,1.6767342166796572e-05,0.161730319563523,1660,,,,,
0.4609,9.66482925415039,1.6728371005455964e-05,0.1636788776305534,1680,,,,,
0.3698,6.171727180480957,1.6689399844115356e-05,0.16562743569758379,1700,,,,,
0.3971,4.751725673675537,1.665042868277475e-05,0.16757599376461418,1720,,,,,
0.533,12.646781921386719,1.661145752143414e-05,0.16952455183164458,1740,,,,,
0.4568,6.504452705383301,1.6572486360093533e-05,0.17147310989867498,1760,,,,,
0.4639,3.318235158920288,1.6533515198752925e-05,0.17342166796570538,1780,,,,,
0.4898,7.0674729347229,1.6494544037412317e-05,0.17537022603273578,1800,,,,,
0.435,3.8422152996063232,1.645557287607171e-05,0.17731878409976617,1820,,,,,
0.4811,4.0669732093811035,1.64166017147311e-05,0.17926734216679657,1840,,,,,
0.4247,8.928796768188477,1.6377630553390493e-05,0.18121590023382697,1860,,,,,
0.4324,9.806148529052734,1.6338659392049885e-05,0.18316445830085737,1880,,,,,
0.39,21.992950439453125,1.6299688230709277e-05,0.18511301636788777,1900,,,,,
0.4062,5.410196781158447,1.626071706936867e-05,0.18706157443491817,1920,,,,,
0.3951,13.715547561645508,1.622174590802806e-05,0.18901013250194856,1940,,,,,
0.4321,12.996103286743164,1.6182774746687454e-05,0.19095869056897896,1960,,,,,
0.3867,2.7004332542419434,1.6143803585346846e-05,0.19290724863600936,1980,,,,,
0.4204,5.385432720184326,1.6104832424006234e-05,0.19485580670303976,2000,,,,,
0.5163,9.368910789489746,1.606586126266563e-05,0.19680436477007016,2020,,,,,
0.3443,2.7689759731292725,1.6026890101325022e-05,0.19875292283710055,2040,,,,,
0.4336,7.656279563903809,1.5987918939984414e-05,0.20070148090413095,2060,,,,,
0.4823,2.5414254665374756,1.5948947778643803e-05,0.20265003897116135,2080,,,,,
0.3871,12.249956130981445,1.59099766173032e-05,0.20459859703819175,2100,,,,,
0.4673,11.11630916595459,1.587100545596259e-05,0.20654715510522215,2120,,,,,
0.3817,10.268226623535156,1.583203429462198e-05,0.20849571317225254,2140,,,,,
0.542,12.550844192504883,1.579306313328137e-05,0.21044427123928294,2160,,,,,
0.4512,7.18440580368042,1.5754091971940767e-05,0.21239282930631334,2180,,,,,
0.3924,2.089073419570923,1.571512081060016e-05,0.21434138737334374,2200,,,,,
0.4279,5.569885730743408,1.5676149649259548e-05,0.2162899454403741,2220,,,,,
0.4802,9.140204429626465,1.563717848791894e-05,0.2182385035074045,2240,,,,,
0.4818,4.731229782104492,1.5598207326578335e-05,0.2201870615744349,2260,,,,,
0.4198,6.0662689208984375,1.5559236165237724e-05,0.2221356196414653,2280,,,,,
0.4064,1.7404990196228027,1.5520265003897116e-05,0.2240841777084957,2300,,,,,
0.4267,7.101833343505859,1.5481293842556508e-05,0.2260327357755261,2320,,,,,
0.3716,5.369241237640381,1.5442322681215904e-05,0.2279812938425565,2340,,,,,
0.3638,8.673256874084473,1.5403351519875292e-05,0.2299298519095869,2360,,,,,
0.3578,7.142300605773926,1.5364380358534684e-05,0.2318784099766173,2380,,,,,
0.5251,8.614044189453125,1.5325409197194076e-05,0.2338269680436477,2400,,,,,
0.4419,9.2295560836792,1.5286438035853472e-05,0.2357755261106781,2420,,,,,
0.3839,4.862310409545898,1.5247466874512862e-05,0.2377240841777085,2440,,,,,
0.3588,13.320084571838379,1.5208495713172253e-05,0.2396726422447389,2460,,,,,
0.3935,11.695794105529785,1.5169524551831645e-05,0.24162120031176929,2480,,,,,
0.4411,3.132268190383911,1.5130553390491039e-05,0.24356975837879968,2500,,,,,
0.3605,4.189631938934326,1.5091582229150429e-05,0.24551831644583008,2520,,,,,
0.5615,4.631381034851074,1.5052611067809821e-05,0.24746687451286048,2540,,,,,
0.51,5.859375,1.5013639906469215e-05,0.24941543257989088,2560,,,,,
0.466,2.657595634460449,1.4974668745128607e-05,0.2513639906469213,2580,,,,,
0.4145,8.70128345489502,1.4935697583787998e-05,0.2533125487139517,2600,,,,,
0.4122,13.095266342163086,1.489672642244739e-05,0.25526110678098207,2620,,,,,
0.3766,9.36411190032959,1.4857755261106783e-05,0.2572096648480125,2640,,,,,
0.4826,19.275665283203125,1.4818784099766176e-05,0.25915822291504287,2660,,,,,
0.4448,3.710783004760742,1.4779812938425566e-05,0.26110678098207324,2680,,,,,
0.376,18.249980926513672,1.4740841777084958e-05,0.26305533904910366,2700,,,,,
0.4869,10.192319869995117,1.4701870615744352e-05,0.26500389711613404,2720,,,,,
0.3754,2.294632911682129,1.4662899454403742e-05,0.26695245518316446,2740,,,,,
0.4367,14.741409301757812,1.4623928293063134e-05,0.26890101325019483,2760,,,,,
0.3519,2.2444422245025635,1.4584957131722526e-05,0.27084957131722526,2780,,,,,
0.372,1.5911736488342285,1.454598597038192e-05,0.2727981293842556,2800,,,,,
0.4956,7.063719272613525,1.450701480904131e-05,0.27474668745128605,2820,,,,,
0.4272,3.1840336322784424,1.4468043647700703e-05,0.2766952455183164,2840,,,,,
0.4331,6.416492938995361,1.4429072486360093e-05,0.27864380358534685,2860,,,,,
0.5431,11.804652214050293,1.4390101325019487e-05,0.2805923616523772,2880,,,,,
0.4257,23.703914642333984,1.4351130163678879e-05,0.28254091971940765,2900,,,,,
0.4568,4.067647933959961,1.4312159002338271e-05,0.284489477786438,2920,,,,,
0.4286,3.339545965194702,1.4273187840997662e-05,0.28643803585346844,2940,,,,,
0.4259,5.608553409576416,1.4234216679657055e-05,0.2883865939204988,2960,,,,,
0.334,26.089153289794922,1.4195245518316447e-05,0.29033515198752924,2980,,,,,
0.4494,4.422889232635498,1.4156274356975838e-05,0.2922837100545596,3000,,,,,
0.449,5.4979023933410645,1.411730319563523e-05,0.29423226812159003,3020,,,,,
0.431,14.201698303222656,1.4078332034294624e-05,0.2961808261886204,3040,,,,,
0.4506,3.5636816024780273,1.4039360872954016e-05,0.29812938425565083,3060,,,,,
0.4046,10.025003433227539,1.4000389711613406e-05,0.3000779423226812,3080,,,,,
0.4124,3.0019829273223877,1.3961418550272798e-05,0.3020265003897116,3100,,,,,
0.4738,6.073697566986084,1.3922447388932192e-05,0.303975058456742,3120,,,,,
0.3345,9.947198867797852,1.3883476227591584e-05,0.3059236165237724,3140,,,,,
0.3631,27.013294219970703,1.3844505066250975e-05,0.3078721745908028,3160,,,,,
0.3455,18.41733741760254,1.3805533904910367e-05,0.3098207326578332,3180,,,,,
0.3692,5.583136081695557,1.376656274356976e-05,0.3117692907248636,3200,,,,,
0.3854,5.173896789550781,1.3727591582229151e-05,0.313717848791894,3220,,,,,
0.5441,19.209529876708984,1.3688620420888543e-05,0.3156664068589244,3240,,,,,
0.4105,4.254870414733887,1.3649649259547935e-05,0.3176149649259548,3260,,,,,
0.346,12.011310577392578,1.3610678098207329e-05,0.3195635229929852,3280,,,,,
0.3137,20.61525535583496,1.357170693686672e-05,0.3215120810600156,3300,,,,,
0.3435,2.5476317405700684,1.3532735775526112e-05,0.323460639127046,3320,,,,,
0.3953,5.65745735168457,1.3493764614185502e-05,0.3254091971940764,3340,,,,,
0.4812,24.176986694335938,1.3454793452844896e-05,0.3273577552611068,3360,,,,,
0.4968,15.720661163330078,1.3415822291504288e-05,0.3293063133281372,3380,,,,,
0.4277,5.206332683563232,1.337685113016368e-05,0.33125487139516757,3400,,,,,
0.4034,6.671962261199951,1.3337879968823074e-05,0.333203429462198,3420,,,,,
0.4732,9.661849021911621,1.3298908807482464e-05,0.33515198752922837,3440,,,,,
0.4266,11.58588981628418,1.3259937646141856e-05,0.3371005455962588,3460,,,,,
0.3846,2.4797158241271973,1.3220966484801248e-05,0.33904910366328916,3480,,,,,
0.4578,13.3018798828125,1.318199532346064e-05,0.3409976617303196,3500,,,,,
0.3726,9.744584083557129,1.3143024162120033e-05,0.34294621979734996,3520,,,,,
0.4729,4.278144836425781,1.3104053000779425e-05,0.34489477786438033,3540,,,,,
0.3512,4.380216121673584,1.3065081839438815e-05,0.34684333593141076,3560,,,,,
0.4205,7.384796619415283,1.3026110678098209e-05,0.3487918939984411,3580,,,,,
0.3547,3.8463385105133057,1.2987139516757601e-05,0.35074045206547155,3600,,,,,
0.3245,27.551664352416992,1.2948168355416993e-05,0.3526890101325019,3620,,,,,
0.4232,11.378859519958496,1.2909197194076384e-05,0.35463756819953235,3640,,,,,
0.4295,8.828723907470703,1.2870226032735777e-05,0.3565861262665627,3660,,,,,
0.3635,10.694825172424316,1.283125487139517e-05,0.35853468433359315,3680,,,,,
0.2858,6.183518886566162,1.279228371005456e-05,0.3604832424006235,3700,,,,,
0.3946,13.973407745361328,1.2753312548713952e-05,0.36243180046765394,3720,,,,,
0.3786,1.9834421873092651,1.2714341387373346e-05,0.3643803585346843,3740,,,,,
0.5496,8.621665000915527,1.2675370226032738e-05,0.36632891660171474,3760,,,,,
0.3577,8.144192695617676,1.2636399064692128e-05,0.3682774746687451,3780,,,,,
0.4105,5.776233196258545,1.259742790335152e-05,0.37022603273577553,3800,,,,,
0.4574,6.792811393737793,1.2558456742010914e-05,0.3721745908028059,3820,,,,,
0.3516,3.735185384750366,1.2519485580670305e-05,0.37412314886983633,3840,,,,,
0.2122,13.32420539855957,1.2480514419329697e-05,0.3760717069368667,3860,,,,,
0.3373,1.1295956373214722,1.2441543257989089e-05,0.3780202650038971,3880,,,,,
0.3835,3.3246707916259766,1.2402572096648483e-05,0.3799688230709275,3900,,,,,
0.381,6.185729503631592,1.2363600935307873e-05,0.3819173811379579,3920,,,,,
0.4494,10.444743156433105,1.2324629773967265e-05,0.3838659392049883,3940,,,,,
0.3892,4.805600166320801,1.2285658612626657e-05,0.3858144972720187,3960,,,,,
0.3934,19.286523818969727,1.224668745128605e-05,0.3877630553390491,3980,,,,,
0.5156,11.187058448791504,1.2207716289945441e-05,0.3897116134060795,4000,,,,,
0.3468,4.016499042510986,1.2168745128604833e-05,0.3916601714731099,4020,,,,,
0.3122,4.76382303237915,1.2129773967264224e-05,0.3936087295401403,4040,,,,,
0.4757,12.46522045135498,1.2090802805923618e-05,0.3955572876071707,4060,,,,,
0.3958,16.313661575317383,1.205183164458301e-05,0.3975058456742011,4080,,,,,
0.3692,0.9558735489845276,1.2012860483242402e-05,0.3994544037412315,4100,,,,,
0.3417,6.0618977546691895,1.1973889321901792e-05,0.4014029618082619,4120,,,,,
0.4164,9.171775817871094,1.1934918160561186e-05,0.4033515198752923,4140,,,,,
0.4272,5.41195821762085,1.1895946999220578e-05,0.4053000779423227,4160,,,,,
0.3483,19.051998138427734,1.1856975837879969e-05,0.40724863600935307,4180,,,,,
0.4153,20.696731567382812,1.181800467653936e-05,0.4091971940763835,4200,,,,,
0.3255,1.7604049444198608,1.1779033515198755e-05,0.41114575214341387,4220,,,,,
0.4134,9.448244094848633,1.1740062353858147e-05,0.4130943102104443,4240,,,,,
0.3233,10.424488067626953,1.1701091192517537e-05,0.41504286827747466,4260,,,,,
0.3453,13.96567153930664,1.1662120031176929e-05,0.4169914263445051,4280,,,,,
0.4315,12.955094337463379,1.1623148869836323e-05,0.41893998441153546,4300,,,,,
0.3466,14.095025062561035,1.1584177708495713e-05,0.4208885424785659,4320,,,,,
0.395,5.68152379989624,1.1545206547155105e-05,0.42283710054559626,4340,,,,,
0.4057,7.367636203765869,1.15062353858145e-05,0.4247856586126267,4360,,,,,
0.3333,9.185709953308105,1.1467264224473891e-05,0.42673421667965705,4380,,,,,
0.3975,3.6715519428253174,1.1428293063133282e-05,0.4286827747466875,4400,,,,,
0.3153,15.662206649780273,1.1389321901792674e-05,0.43063133281371785,4420,,,,,
0.3663,5.911409378051758,1.1350350740452068e-05,0.4325798908807482,4440,,,,,
0.3796,7.452310085296631,1.1311379579111458e-05,0.43452844894777864,4460,,,,,
0.4628,2.68266224861145,1.127240841777085e-05,0.436477007014809,4480,,,,,
0.3689,3.3045992851257324,1.1233437256430242e-05,0.43842556508183944,4500,,,,,
0.3101,2.0166378021240234,1.1194466095089636e-05,0.4403741231488698,4520,,,,,
0.4143,22.235353469848633,1.1155494933749026e-05,0.44232268121590024,4540,,,,,
0.3547,16.27338409423828,1.1116523772408419e-05,0.4442712392829306,4560,,,,,
0.3864,24.28655242919922,1.107755261106781e-05,0.44621979734996103,4580,,,,,
0.3558,9.0659818649292,1.1038581449727204e-05,0.4481683554169914,4600,,,,,
0.3312,35.31290817260742,1.0999610288386595e-05,0.45011691348402183,4620,,,,,
0.2975,5.497525215148926,1.0960639127045987e-05,0.4520654715510522,4640,,,,,
0.3265,46.46734619140625,1.0921667965705377e-05,0.4540140296180826,4660,,,,,
0.3465,6.571472644805908,1.0882696804364771e-05,0.455962587685113,4680,,,,,
0.4619,14.999974250793457,1.0843725643024163e-05,0.4579111457521434,4700,,,,,
0.4227,6.1924004554748535,1.0804754481683555e-05,0.4598597038191738,4720,,,,,
0.3373,8.585068702697754,1.0765783320342946e-05,0.4618082618862042,4740,,,,,
0.4183,7.846732139587402,1.072681215900234e-05,0.4637568199532346,4760,,,,,
0.4741,7.877427101135254,1.0687840997661732e-05,0.465705378020265,4780,,,,,
0.3874,4.92671012878418,1.0648869836321122e-05,0.4676539360872954,4800,,,,,
0.3272,5.5532660484313965,1.0609898674980514e-05,0.4696024941543258,4820,,,,,
0.3726,4.486651420593262,1.0570927513639908e-05,0.4715510522213562,4840,,,,,
0.3393,22.599788665771484,1.05319563522993e-05,0.4734996102883866,4860,,,,,
0.413,16.716432571411133,1.049298519095869e-05,0.475448168355417,4880,,,,,
0.2513,17.641752243041992,1.0454014029618083e-05,0.4773967264224474,4900,,,,,
0.2385,4.763297080993652,1.0415042868277476e-05,0.4793452844894778,4920,,,,,
0.3968,10.545132637023926,1.0376071706936869e-05,0.4812938425565082,4940,,,,,
0.5272,6.053462505340576,1.0337100545596259e-05,0.48324240062353857,4960,,,,,
0.3125,9.212541580200195,1.0298129384255651e-05,0.485190958690569,4980,,,,,
0.3909,3.383549928665161,1.0259158222915045e-05,0.48713951675759937,5000,,,,,
0.4598,21.14361000061035,1.0220187061574435e-05,0.4890880748246298,5020,,,,,
0.3576,11.493857383728027,1.0181215900233827e-05,0.49103663289166016,5040,,,,,
0.3215,13.523574829101562,1.014224473889322e-05,0.4929851909586906,5060,,,,,
0.4399,14.445883750915527,1.0103273577552613e-05,0.49493374902572096,5080,,,,,
0.2945,9.799959182739258,1.0064302416212004e-05,0.4968823070927514,5100,,,,,
0.2842,30.39220428466797,1.0025331254871396e-05,0.49883086515978176,5120,,,,,
0.4387,21.600784301757812,9.986360093530788e-06,0.5007794232268121,5140,,,,,
0.3196,2.5913515090942383,9.94738893219018e-06,0.5027279812938426,5160,,,,,
0.4106,17.358922958374023,9.908417770849572e-06,0.504676539360873,5180,,,,,
0.4511,13.980889320373535,9.869446609508964e-06,0.5066250974279034,5200,,,,,
0.4911,14.158150672912598,9.830475448168356e-06,0.5085736554949337,5220,,,,,
0.2554,8.706395149230957,9.791504286827748e-06,0.5105222135619641,5240,,,,,
0.4506,13.166550636291504,9.75253312548714e-06,0.5124707716289946,5260,,,,,
0.4512,14.227023124694824,9.713561964146533e-06,0.514419329696025,5280,,,,,
0.3098,15.126388549804688,9.674590802805925e-06,0.5163678877630553,5300,,,,,
0.309,14.524768829345703,9.635619641465317e-06,0.5183164458300857,5320,,,,,
0.4089,11.538339614868164,9.596648480124709e-06,0.5202650038971162,5340,,,,,
0.2286,6.433023452758789,9.557677318784101e-06,0.5222135619641465,5360,,,,,
0.3727,10.847460746765137,9.518706157443493e-06,0.5241621200311769,5380,,,,,
0.3829,15.129079818725586,9.479734996102885e-06,0.5261106780982073,5400,,,,,
0.3135,11.60419750213623,9.440763834762277e-06,0.5280592361652378,5420,,,,,
0.3783,1.893301248550415,9.40179267342167e-06,0.5300077942322681,5440,,,,,
0.3883,17.080490112304688,9.36282151208106e-06,0.5319563522992985,5460,,,,,
0.341,10.140311241149902,9.323850350740454e-06,0.5339049103663289,5480,,,,,
0.3931,26.5343074798584,9.284879189399844e-06,0.5358534684333593,5500,,,,,
0.3241,6.928287982940674,9.245908028059238e-06,0.5378020265003897,5520,,,,,
0.3235,20.057222366333008,9.206936866718628e-06,0.5397505845674201,5540,,,,,
0.246,5.014636993408203,9.167965705378022e-06,0.5416991426344505,5560,,,,,
0.4262,6.181936740875244,9.128994544037412e-06,0.5436477007014809,5580,,,,,
0.3431,9.02350902557373,9.090023382696805e-06,0.5455962587685113,5600,,,,,
0.3768,7.906476020812988,9.051052221356197e-06,0.5475448168355417,5620,,,,,
0.4856,12.641288757324219,9.012081060015589e-06,0.5494933749025721,5640,,,,,
0.4889,8.317818641662598,8.973109898674981e-06,0.5514419329696025,5660,,,,,
0.3668,2.723126173019409,8.934138737334373e-06,0.5533904910366328,5680,,,,,
0.3951,11.674736022949219,8.895167575993765e-06,0.5553390491036633,5700,,,,,
0.3145,29.454370498657227,8.856196414653157e-06,0.5572876071706937,5720,,,,,
0.4176,5.170444965362549,8.81722525331255e-06,0.5592361652377241,5740,,,,,
0.3738,3.2007548809051514,8.778254091971941e-06,0.5611847233047544,5760,,,,,
0.357,78.98870086669922,8.739282930631334e-06,0.5631332813717849,5780,,,,,
0.3305,4.817081928253174,8.700311769290726e-06,0.5650818394388153,5800,,,,,
0.3972,5.923290252685547,8.661340607950118e-06,0.5670303975058457,5820,,,,,
0.3033,37.319236755371094,8.62236944660951e-06,0.568978955572876,5840,,,,,
0.4366,6.305459499359131,8.583398285268902e-06,0.5709275136399065,5860,,,,,
0.37,8.883771896362305,8.544427123928294e-06,0.5728760717069369,5880,,,,,
0.3241,9.948540687561035,8.505455962587686e-06,0.5748246297739673,5900,,,,,
0.4093,22.75050163269043,8.466484801247078e-06,0.5767731878409976,5920,,,,,
0.314,13.608283042907715,8.427513639906469e-06,0.578721745908028,5940,,,,,
0.2879,40.76704406738281,8.388542478565862e-06,0.5806703039750585,5960,,,,,
0.3571,6.85249662399292,8.349571317225253e-06,0.5826188620420889,5980,,,,,
0.3773,10.340435028076172,8.310600155884647e-06,0.5845674201091192,6000,,,,,
0.2859,5.007183074951172,8.271628994544037e-06,0.5865159781761496,6020,,,,,
0.3197,23.101728439331055,8.23265783320343e-06,0.5884645362431801,6040,,,,,
0.2772,0.8148654699325562,8.193686671862821e-06,0.5904130943102105,6060,,,,,
0.3257,17.54227638244629,8.154715510522215e-06,0.5923616523772408,6080,,,,,
0.4221,27.162683486938477,8.115744349181607e-06,0.5943102104442712,6100,,,,,
0.3288,11.239091873168945,8.076773187840998e-06,0.5962587685113017,6120,,,,,
0.3399,20.02823257446289,8.037802026500391e-06,0.5982073265783321,6140,,,,,
0.3537,4.248334884643555,7.998830865159782e-06,0.6001558846453624,6160,,,,,
0.2944,10.753523826599121,7.959859703819176e-06,0.6021044427123928,6180,,,,,
0.3176,3.02764630317688,7.920888542478566e-06,0.6040530007794233,6200,,,,,
0.3386,4.503727436065674,7.88191738113796e-06,0.6060015588464536,6220,,,,,
0.3061,6.85804557800293,7.84294621979735e-06,0.607950116913484,6240,,,,,
0.3167,10.709248542785645,7.803975058456742e-06,0.6098986749805144,6260,,,,,
0.4631,49.21786117553711,7.765003897116134e-06,0.6118472330475448,6280,,,,,
0.3675,26.937414169311523,7.726032735775526e-06,0.6137957911145752,6300,,,,,
0.3011,30.062082290649414,7.687061574434919e-06,0.6157443491816056,6320,,,,,
0.3967,8.882603645324707,7.64809041309431e-06,0.617692907248636,6340,,,,,
0.3101,6.378292560577393,7.609119251753703e-06,0.6196414653156664,6360,,,,,
0.3998,7.625566005706787,7.570148090413095e-06,0.6215900233826968,6380,,,,,
0.2961,21.937082290649414,7.531176929072487e-06,0.6235385814497272,6400,,,,,
0.3306,9.88479995727539,7.492205767731879e-06,0.6254871395167576,6420,,,,,
0.3393,5.016987323760986,7.453234606391271e-06,0.627435697583788,6440,,,,,
0.3453,31.09603500366211,7.414263445050663e-06,0.6293842556508183,6460,,,,,
0.2834,21.51667022705078,7.375292283710055e-06,0.6313328137178488,6480,,,,,
0.3157,20.851463317871094,7.3363211223694475e-06,0.6332813717848792,6500,,,,,
0.4685,17.522764205932617,7.297349961028839e-06,0.6352299298519096,6520,,,,,
0.3797,6.113247871398926,7.258378799688232e-06,0.6371784879189399,6540,,,,,
0.3656,1.3443297147750854,7.219407638347623e-06,0.6391270459859704,6560,,,,,
0.3337,12.377021789550781,7.180436477007016e-06,0.6410756040530008,6580,,,,,
0.3416,29.222089767456055,7.141465315666407e-06,0.6430241621200312,6600,,,,,
0.3452,10.908476829528809,7.102494154325799e-06,0.6449727201870615,6620,,,,,
0.3329,14.56662368774414,7.063522992985191e-06,0.646921278254092,6640,,,,,
0.3889,2.9299795627593994,7.0245518316445835e-06,0.6488698363211224,6660,,,,,
0.311,6.214331150054932,6.985580670303976e-06,0.6508183943881528,6680,,,,,
0.3437,6.3888258934021,6.946609508963368e-06,0.6527669524551831,6700,,,,,
0.306,5.449178218841553,6.907638347622759e-06,0.6547155105222136,6720,,,,,
0.4183,29.55101776123047,6.868667186282152e-06,0.656664068589244,6740,,,,,
0.2582,9.730533599853516,6.829696024941543e-06,0.6586126266562744,6760,,,,,
0.33,10.446873664855957,6.790724863600936e-06,0.6605611847233047,6780,,,,,
0.2591,20.172470092773438,6.751753702260327e-06,0.6625097427903351,6800,,,,,
0.3756,1.4252488613128662,6.71278254091972e-06,0.6644583008573656,6820,,,,,
0.3052,11.445984840393066,6.673811379579112e-06,0.666406858924396,6840,,,,,
0.3451,15.389415740966797,6.634840218238504e-06,0.6683554169914263,6860,,,,,
0.3412,3.971341848373413,6.595869056897896e-06,0.6703039750584567,6880,,,,,
0.34,17.99744987487793,6.556897895557288e-06,0.6722525331254872,6900,,,,,
0.3076,9.722904205322266,6.51792673421668e-06,0.6742010911925176,6920,,,,,
0.4565,0.8617544770240784,6.478955572876072e-06,0.6761496492595479,6940,,,,,
0.3286,4.641413688659668,6.439984411535465e-06,0.6780982073265783,6960,,,,,
0.3966,16.096601486206055,6.401013250194856e-06,0.6800467653936088,6980,,,,,
0.5254,27.089614868164062,6.362042088854249e-06,0.6819953234606392,7000,,,,,
0.4456,12.436731338500977,6.3230709275136405e-06,0.6839438815276695,7020,,,,,
0.3335,4.616073131561279,6.284099766173033e-06,0.6858924395946999,7040,,,,,
0.2452,7.35897159576416,6.245128604832425e-06,0.6878409976617303,7060,,,,,
0.4195,15.297889709472656,6.206157443491817e-06,0.6897895557287607,7080,,,,,
0.3408,16.167896270751953,6.167186282151208e-06,0.6917381137957911,7100,,,,,
0.3283,5.0132575035095215,6.128215120810601e-06,0.6936866718628215,7120,,,,,
0.4156,18.441308975219727,6.089243959469992e-06,0.6956352299298519,7140,,,,,
0.3344,5.527222633361816,6.050272798129385e-06,0.6975837879968823,7160,,,,,
0.2184,7.570652008056641,6.0113016367887765e-06,0.6995323460639127,7180,,,,,
0.4365,30.24270248413086,5.9723304754481695e-06,0.7014809041309431,7200,,,,,
0.3702,12.50621223449707,5.933359314107561e-06,0.7034294621979735,7220,,,,,
0.2875,4.131444931030273,5.894388152766954e-06,0.7053780202650038,7240,,,,,
0.2767,28.82689666748047,5.855416991426345e-06,0.7073265783320343,7260,,,,,
0.2676,9.403441429138184,5.816445830085737e-06,0.7092751363990647,7280,,,,,
0.4072,19.22919464111328,5.777474668745129e-06,0.7112236944660951,7300,,,,,
0.2681,29.457523345947266,5.738503507404521e-06,0.7131722525331254,7320,,,,,
0.2536,10.656373023986816,5.699532346063913e-06,0.7151208106001559,7340,,,,,
0.3981,9.98699951171875,5.6605611847233054e-06,0.7170693686671863,7360,,,,,
0.2396,3.500500202178955,5.621590023382697e-06,0.7190179267342167,7380,,,,,
0.298,4.517612457275391,5.58261886204209e-06,0.720966484801247,7400,,,,,
0.3816,5.933871269226074,5.543647700701481e-06,0.7229150428682775,7420,,,,,
0.2504,1.7057825326919556,5.504676539360874e-06,0.7248636009353079,7440,,,,,
0.403,4.4341535568237305,5.465705378020265e-06,0.7268121590023383,7460,,,,,
0.3584,18.240253448486328,5.426734216679658e-06,0.7287607170693686,7480,,,,,
0.3326,9.020769119262695,5.387763055339049e-06,0.730709275136399,7500,,,,,
0.4101,20.556007385253906,5.348791893998441e-06,0.7326578332034295,7520,,,,,
0.3914,16.908309936523438,5.3098207326578335e-06,0.7346063912704599,7540,,,,,
0.2627,5.308105945587158,5.270849571317226e-06,0.7365549493374902,7560,,,,,
0.3083,12.671053886413574,5.231878409976618e-06,0.7385035074045206,7580,,,,,
0.3091,8.936295509338379,5.19290724863601e-06,0.7404520654715511,7600,,,,,
0.4479,4.045765399932861,5.153936087295401e-06,0.7424006235385815,7620,,,,,
0.3816,34.72758483886719,5.114964925954794e-06,0.7443491816056118,7640,,,,,
0.3594,15.867830276489258,5.075993764614185e-06,0.7462977396726422,7660,,,,,
0.3509,16.672719955444336,5.037022603273578e-06,0.7482462977396727,7680,,,,,
0.2645,13.22119426727295,4.99805144193297e-06,0.7501948558067031,7700,,,,,
0.3443,28.015369415283203,4.9590802805923625e-06,0.7521434138737334,7720,,,,,
0.327,13.668251991271973,4.9201091192517546e-06,0.7540919719407638,7740,,,,,
0.2438,33.13412857055664,4.881137957911146e-06,0.7560405300077943,7760,,,,,
0.3705,18.555408477783203,4.842166796570538e-06,0.7579890880748247,7780,,,,,
0.3264,13.465230941772461,4.80319563522993e-06,0.759937646141855,7800,,,,,
0.4262,16.274959564208984,4.764224473889322e-06,0.7618862042088854,7820,,,,,
0.3168,9.822236061096191,4.725253312548714e-06,0.7638347622759158,7840,,,,,
0.3214,14.887685775756836,4.686282151208106e-06,0.7657833203429463,7860,,,,,
0.266,3.478363513946533,4.6473109898674984e-06,0.7677318784099766,7880,,,,,
0.4401,20.239137649536133,4.6083398285268905e-06,0.769680436477007,7900,,,,,
0.349,13.123477935791016,4.569368667186283e-06,0.7716289945440374,7920,,,,,
0.3682,20.00282096862793,4.530397505845675e-06,0.7735775526110679,7940,,,,,
0.3209,30.094587326049805,4.491426344505067e-06,0.7755261106780982,7960,,,,,
0.3882,6.633025169372559,4.452455183164459e-06,0.7774746687451286,7980,,,,,
0.3853,19.045351028442383,4.41348402182385e-06,0.779423226812159,8000,,,,,
0.2967,4.226945400238037,4.374512860483242e-06,0.7813717848791893,8020,,,,,
0.2828,9.492752075195312,4.335541699142634e-06,0.7833203429462198,8040,,,,,
0.399,6.923935413360596,4.2965705378020265e-06,0.7852689010132502,8060,,,,,
0.3082,2.6126656532287598,4.257599376461419e-06,0.7872174590802806,8080,,,,,
0.3081,19.058197021484375,4.218628215120811e-06,0.7891660171473109,8100,,,,,
0.1977,5.804138660430908,4.179657053780203e-06,0.7911145752143414,8120,,,,,
0.3608,29.888072967529297,4.140685892439595e-06,0.7930631332813718,8140,,,,,
0.3277,5.058602809906006,4.101714731098987e-06,0.7950116913484022,8160,,,,,
0.2359,1.3516572713851929,4.062743569758379e-06,0.7969602494154325,8180,,,,,
0.4256,6.8954901695251465,4.023772408417771e-06,0.798908807482463,8200,,,,,
0.4023,30.154897689819336,3.984801247077163e-06,0.8008573655494934,8220,,,,,
0.2645,7.9416913986206055,3.945830085736555e-06,0.8028059236165238,8240,,,,,
0.3197,29.13468360900879,3.906858924395947e-06,0.8047544816835541,8260,,,,,
0.3322,10.224493980407715,3.86788776305534e-06,0.8067030397505845,8280,,,,,
0.3616,11.86081314086914,3.828916601714732e-06,0.808651597817615,8300,,,,,
0.3656,7.208465099334717,3.789945440374124e-06,0.8106001558846454,8320,,,,,
0.4113,12.436073303222656,3.7509742790335155e-06,0.8125487139516757,8340,,,,,
0.246,12.396276473999023,3.7120031176929076e-06,0.8144972720187061,8360,,,,,
0.3316,5.894801139831543,3.6730319563522998e-06,0.8164458300857366,8380,,,,,
0.3783,9.105314254760742,3.634060795011692e-06,0.818394388152767,8400,,,,,
0.3177,27.973926544189453,3.595089633671084e-06,0.8203429462197973,8420,,,,,
0.3293,13.707530975341797,3.556118472330476e-06,0.8222915042868277,8440,,,,,
0.3023,9.032493591308594,3.5171473109898677e-06,0.8242400623538582,8460,,,,,
0.3902,24.233734130859375,3.47817614964926e-06,0.8261886204208886,8480,,,,,
0.3706,23.530649185180664,3.439204988308652e-06,0.8281371784879189,8500,,,,,
0.2489,4.4517741203308105,3.400233826968044e-06,0.8300857365549493,8520,,,,,
0.3927,4.710526466369629,3.361262665627436e-06,0.8320342946219798,8540,,,,,
0.3239,28.29804801940918,3.3222915042868283e-06,0.8339828526890102,8560,,,,,
0.2591,4.561250686645508,3.28332034294622e-06,0.8359314107560405,8580,,,,,
0.3768,8.677059173583984,3.244349181605612e-06,0.8378799688230709,8600,,,,,
0.4288,13.202194213867188,3.205378020265004e-06,0.8398285268901013,8620,,,,,
0.4514,23.645523071289062,3.1664068589243963e-06,0.8417770849571318,8640,,,,,
0.3431,36.736473083496094,3.1274356975837884e-06,0.8437256430241621,8660,,,,,
0.3145,3.1827609539031982,3.0884645362431805e-06,0.8456742010911925,8680,,,,,
0.2584,2.130662202835083,3.0494933749025726e-06,0.8476227591582229,8700,,,,,
0.3171,29.740388870239258,3.0105222135619642e-06,0.8495713172252534,8720,,,,,
0.2761,4.930808067321777,2.9715510522213563e-06,0.8515198752922837,8740,,,,,
0.236,4.23089075088501,2.9325798908807484e-06,0.8534684333593141,8760,,,,,
0.337,0.8817182779312134,2.8936087295401406e-06,0.8554169914263445,8780,,,,,
0.3309,28.04454803466797,2.8546375681995327e-06,0.857365549493375,8800,,,,,
0.1492,14.950943946838379,2.8156664068589248e-06,0.8593141075604053,8820,,,,,
0.3545,12.990882873535156,2.7766952455183164e-06,0.8612626656274357,8840,,,,,
0.2543,17.757671356201172,2.7377240841777085e-06,0.8632112236944661,8860,,,,,
0.3432,1.8343347311019897,2.6987529228371006e-06,0.8651597817614964,8880,,,,,
0.4008,15.755606651306152,2.6597817614964927e-06,0.8671083398285269,8900,,,,,
0.3384,2.2487847805023193,2.620810600155885e-06,0.8690568978955573,8920,,,,,
0.359,11.015535354614258,2.581839438815277e-06,0.8710054559625877,8940,,,,,
0.4434,18.812808990478516,2.5428682774746686e-06,0.872954014029618,8960,,,,,
0.3667,6.004085540771484,2.5038971161340607e-06,0.8749025720966485,8980,,,,,
0.3096,2.353917360305786,2.4649259547934533e-06,0.8768511301636789,9000,,,,,
0.2858,10.414474487304688,2.4259547934528454e-06,0.8787996882307093,9020,,,,,
0.4232,10.74133586883545,2.386983632112237e-06,0.8807482462977396,9040,,,,,
0.4024,11.832828521728516,2.348012470771629e-06,0.88269680436477,9060,,,,,
0.3349,29.55472183227539,2.3090413094310213e-06,0.8846453624318005,9080,,,,,
0.2792,14.326448440551758,2.2700701480904134e-06,0.8865939204988309,9100,,,,,
0.3125,5.969485759735107,2.2310989867498055e-06,0.8885424785658612,9120,,,,,
0.3522,7.512511730194092,2.1921278254091976e-06,0.8904910366328916,9140,,,,,
0.2697,20.32654571533203,2.1531566640685892e-06,0.8924395946999221,9160,,,,,
0.2309,4.503125190734863,2.1141855027279814e-06,0.8943881527669525,9180,,,,,
0.3743,25.061555862426758,2.0752143413873735e-06,0.8963367108339828,9200,,,,,
0.4813,10.680655479431152,2.0362431800467656e-06,0.8982852689010132,9220,,,,,
0.4078,10.693865776062012,1.9972720187061577e-06,0.9002338269680437,9240,,,,,
0.3814,13.50667667388916,1.9583008573655498e-06,0.9021823850350741,9260,,,,,
0.4532,8.416396141052246,1.9193296960249414e-06,0.9041309431021044,9280,,,,,
0.326,16.52494239807129,1.8803585346843338e-06,0.9060795011691348,9300,,,,,
0.2962,6.570065975189209,1.8413873733437257e-06,0.9080280592361653,9320,,,,,
0.2676,4.843585968017578,1.8024162120031178e-06,0.9099766173031957,9340,,,,,
0.232,3.2028582096099854,1.7634450506625099e-06,0.911925175370226,9360,,,,,
0.3498,9.916543960571289,1.7244738893219018e-06,0.9138737334372564,9380,,,,,
0.2801,18.40241813659668,1.685502727981294e-06,0.9158222915042868,9400,,,,,
0.286,17.381763458251953,1.6465315666406862e-06,0.9177708495713173,9420,,,,,
0.3727,13.857321739196777,1.6075604053000783e-06,0.9197194076383476,9440,,,,,
0.3065,1.5781464576721191,1.5685892439594702e-06,0.921667965705378,9460,,,,,
0.4711,28.400991439819336,1.5296180826188623e-06,0.9236165237724084,9480,,,,,
0.3057,26.568347930908203,1.4906469212782544e-06,0.9255650818394389,9500,,,,,
0.2428,3.5531227588653564,1.4516757599376463e-06,0.9275136399064692,9520,,,,,
0.3945,6.635308742523193,1.4127045985970384e-06,0.9294621979734996,9540,,,,,
0.21,14.177467346191406,1.3737334372564305e-06,0.93141075604053,9560,,,,,
0.2892,5.1954026222229,1.3347622759158224e-06,0.9333593141075605,9580,,,,,
0.4184,19.499324798583984,1.2957911145752145e-06,0.9353078721745908,9600,,,,,
0.2992,27.89679527282715,1.2568199532346066e-06,0.9372564302416212,9620,,,,,
0.3361,3.261777400970459,1.2178487918939985e-06,0.9392049883086516,9640,,,,,
0.4253,15.566368103027344,1.1788776305533906e-06,0.941153546375682,9660,,,,,
0.3047,5.787671089172363,1.1399064692127827e-06,0.9431021044427124,9680,,,,,
0.3501,8.220202445983887,1.1009353078721746e-06,0.9450506625097428,9700,,,,,
0.2946,9.016290664672852,1.0619641465315669e-06,0.9469992205767732,9720,,,,,
0.3919,27.661081314086914,1.0229929851909588e-06,0.9489477786438035,9740,,,,,
0.2361,2.365795612335205,9.840218238503509e-07,0.950896336710834,9760,,,,,
0.2681,16.221118927001953,9.450506625097429e-07,0.9528448947778644,9780,,,,,
0.2841,14.398738861083984,9.06079501169135e-07,0.9547934528448948,9800,,,,,
0.2578,21.422517776489258,8.67108339828527e-07,0.9567420109119251,9820,,,,,
0.2426,18.758955001831055,8.28137178487919e-07,0.9586905689789555,9840,,,,,
0.2536,42.61897659301758,7.891660171473111e-07,0.960639127045986,9860,,,,,
0.1749,2.788300037384033,7.501948558067031e-07,0.9625876851130164,9880,,,,,
0.3979,6.293412685394287,7.112236944660951e-07,0.9645362431800467,9900,,,,,
0.3057,9.38813304901123,6.722525331254872e-07,0.9664848012470771,9920,,,,,
0.2777,5.081514835357666,6.332813717848793e-07,0.9684333593141076,9940,,,,,
0.4237,12.59797191619873,5.943102104442713e-07,0.970381917381138,9960,,,,,
0.333,7.292625427246094,5.553390491036633e-07,0.9723304754481683,9980,,,,,
0.3884,9.570178985595703,5.163678877630554e-07,0.9742790335151987,10000,,,,,
0.3694,2.320331573486328,4.773967264224475e-07,0.9762275915822292,10020,,,,,
0.2914,14.761635780334473,4.3842556508183947e-07,0.9781761496492596,10040,,,,,
0.3477,2.820739984512329,3.994544037412315e-07,0.9801247077162899,10060,,,,,
0.4951,11.256847381591797,3.604832424006235e-07,0.9820732657833203,10080,,,,,
0.3405,4.888034343719482,3.215120810600156e-07,0.9840218238503508,10100,,,,,
0.3677,6.439128875732422,2.8254091971940767e-07,0.9859703819173812,10120,,,,,
0.2015,13.245611190795898,2.435697583787997e-07,0.9879189399844115,10140,,,,,
0.3444,22.567325592041016,2.0459859703819175e-07,0.9898674980514419,10160,,,,,
0.2936,3.6853389739990234,1.656274356975838e-07,0.9918160561184723,10180,,,,,
0.2803,4.179239749908447,1.2665627435697585e-07,0.9937646141855028,10200,,,,,
0.4029,21.597023010253906,8.768511301636789e-08,0.9957131722525331,10220,,,,,
0.3802,15.286493301391602,4.871395167575994e-08,0.9976617303195635,10240,,,,,
0.348,2.415512800216675,9.742790335151989e-09,0.9996102883865939,10260,,,,,
,,,1.0,10264,86575.7243,0.948,0.119,1.08020243778048e+16,0.38888448868193665
